/*==============================================================*/
/* Table: T_OP_ADMIN                                            */
/*==============================================================*/
create table T_OP_ADMIN
(
   oid                  varchar(32) not null,
   systemOid            varchar(32),
   sn                   varchar(32),
   account              varchar(32),
   password             varchar(255),
   phone                varchar(32),
   email                varchar(64),
   name                 varchar(32),
   resources            varchar(32) comment 'USERREGIST: 用户注册 PLATFORM: 平台注册',
   status               varchar(32) comment 'VALID: 正常 INVALID: 无效 FREEZE: 冻结 EXPIRED: 已过期',
   comment              varchar(255),
   loginIp              varchar(32),
   loginTime            datetime,
   operator             varchar(32),
   validTime            datetime,
   updateTime           datetime,
   createTime           datetime,
   primary key (oid)
);

insert  into `T_OP_ADMIN`(`oid`,`systemOid`,`sn`,`account`,`password`,`phone`,`email`,`name`,`resources`,`status`,`comment`,`loginIp`,`loginTime`,`operator`,`validTime`,`updateTime`,`createTime`) values ('cf0367cf644011e6b6b400163e0021b3','GhTulip','202016081600000001','ghdev','Fymk2xeuO8+U6F75O8mS9ZxnWUq/tOpa','18257894561','114@qq.com','国槐开发者国槐开发者','SYSTEM','VALID',NULL,'127.0.0.1:44659','2016-12-29 11:57:49','002799cb39d911e6860800163e0021b3',NULL,'2016-11-25 09:29:28','2016-11-25 09:29:31');
insert  into `T_OP_ADMIN`(`oid`,`systemOid`,`sn`,`account`,`password`,`phone`,`email`,`name`,`resources`,`status`,`comment`,`loginIp`,`loginTime`,`operator`,`validTime`,`updateTime`,`createTime`) values ('002799cb39d911e6860800163e0021b3','MIMOSA','202016062400000001','ghdev','AWti7yPAVikzK879kLxBBqqrRRZStG8W','18257894561','114@qq.com','国槐开发者','SYSTEM','VALID','','127.0.0.1:40493','2016-12-27 19:36:58','002799cb39d911e6860800163e0021b3',NULL,'2016-11-25 09:21:47','2016-11-25 09:21:49');

/*==============================================================*/
/* Index: admin_system                                          */
/*==============================================================*/
create unique index admin_system on T_OP_ADMIN
(
   account,
   systemOid
);

/*==============================================================*/
/* Table: T_OP_ADMIN_LOG                                        */
/*==============================================================*/
create table T_OP_ADMIN_LOG
(
   oid                  varchar(32) not null,
   adminOid             varchar(32),
   type                 varchar(32) comment 'REGIST: 注册 FREEZE: 冻结 UNFREEZE: 解冻 LOGIN: 登录 LOGOUT: 登出 RESETPWD: 重置密码',
   operator             varchar(32),
   operateIp            varchar(32),
   updateTime           datetime,
   createTime           datetime,
   primary key (oid)
);

/*==============================================================*/
/* Table: T_OP_ADMIN_ROLE                                       */
/*==============================================================*/
create table T_OP_ADMIN_ROLE
(
   oid                  varchar(32) not null,
   adminOid             varchar(32),
   roleOid              varchar(32),
   operator             varchar(32),
   updateTime           datetime,
   createTime           datetime,
   primary key (oid)
);

insert  into `T_OP_ADMIN_ROLE`(`oid`,`adminOid`,`roleOid`,`operator`,`updateTime`,`createTime`) values ('4ae5fe8a644111e6b6b400163e0021b3','cf0367cf644011e6b6b400163e0021b3','1614df24644111e6b6b400163e0021b3','002799cb39d911e6860800163e0021b3','2016-11-25 09:31:15','2016-11-25 09:31:18');
insert  into `T_OP_ADMIN_ROLE`(`oid`,`adminOid`,`roleOid`,`operator`,`updateTime`,`createTime`) values ('8a21d312558700d501558b855a530002','002799cb39d911e6860800163e0021b3','8a21d312558178a4015586240c8c0048','002799cb39d911e6860800163e0021b3','2016-11-25 09:24:13','2016-11-25 09:24:26');

/*==============================================================*/
/* Table: T_OP_ROLE                                             */
/*==============================================================*/
create table T_OP_ROLE
(
   oid                  varchar(32) not null,
   systemOid            varchar(32),
   name                 varchar(32),
   operator             varchar(32),
   updateTime           datetime,
   createTime           datetime,
   primary key (oid)
);

insert  into `T_OP_ROLE`(`oid`,`systemOid`,`name`,`operator`,`updateTime`,`createTime`) values ('1614df24644111e6b6b400163e0021b3','GhTulip','系统管理员 ','cf0367cf644011e6b6b400163e0021b3','2016-08-17 14:09:13','2016-08-17 14:09:13');
insert  into `T_OP_ROLE`(`oid`,`systemOid`,`name`,`operator`,`updateTime`,`createTime`) values ('8a21d312558178a4015586240c8c0048','MIMOSA','admin','002799cb39d911e6860800163e0021b3','2016-06-25 13:59:17','2016-06-25 13:59:17');

/*==============================================================*/
/* Table: T_OP_SYSTEM                                           */
/*==============================================================*/
create table T_OP_SYSTEM
(
   oid                  varchar(32) not null,
   name                 varchar(32),
   primary key (oid)
);

insert  into `T_OP_SYSTEM`(`oid`,`name`) values ('GhTulip','运营系统');
insert  into `T_OP_SYSTEM`(`oid`,`name`) values ('MIMOSA','全资管系统管理');

/*==============================================================*/
/* Table: T_OP_SYSTEM_MENU                                      */
/*==============================================================*/
create table T_OP_SYSTEM_MENU
(
   oid                  varchar(32) not null,
   config               text,
   system               varchar(32),
   operator             varchar(32),
   updateTime           datetime,
   createTime           datetime,
   primary key (oid)
);

insert  into `T_OP_SYSTEM_MENU`(`oid`,`config`,`system`,`operator`,`updateTime`,`createTime`) values ('MENU_GhTulip','[{"parent":"","buttons":[],"children":[{"parent":"nKKaixTZ82JYJ3fm","buttons":[],"children":[{"parent":"xyCYDCyarWDhjKFD","buttons":[],"roles":["1614df24644111e6b6b400163e0021b3"],"icon":"fa-circle-o","id":"SFW3Tsc8NbA8XeMJ","text":"活动管理","pageId":"event"}],"roles":["1614df24644111e6b6b400163e0021b3"],"icon":"fa-tachometer","id":"xyCYDCyarWDhjKFD","text":"活动管理","pageId":""},{"parent":"nKKaixTZ82JYJ3fm","buttons":[],"children":[{"parent":"Z3jrh4eabSsERKKG","buttons":[],"roles":["1614df24644111e6b6b400163e0021b3"],"icon":"fa-circle-o","id":"bEZ5KzjTG2mNSxxP","text":"推荐人管理","pageId":"referee"},{"parent":"Z3jrh4eabSsERKKG","buttons":[],"roles":["1614df24644111e6b6b400163e0021b3"],"icon":"fa-circle-o","id":"nYzSHiCNCdSsBsWt","text":"推荐人奖励设置","pageId":"reward-setting"}],"roles":["1614df24644111e6b6b400163e0021b3"],"icon":"fa-users","id":"Z3jrh4eabSsERKKG","text":"推荐人管理","pageId":""},{"parent":"nKKaixTZ82JYJ3fm","buttons":[],"children":[{"parent":"pMQFFAX8fynb4eKR","buttons":[],"roles":["1614df24644111e6b6b400163e0021b3"],"icon":"fa-circle-o","id":"Sc6cxZ7pZp5iWDmB","text":"红包","pageId":"coupon1"},{"parent":"pMQFFAX8fynb4eKR","buttons":[],"roles":["1614df24644111e6b6b400163e0021b3"],"icon":"fa-circle-o","id":"F5W8ySPZdrzkGtd8","text":"代金券","pageId":"coupon2"},{"parent":"pMQFFAX8fynb4eKR","buttons":[],"roles":["1614df24644111e6b6b400163e0021b3"],"icon":"fa-circle-o","id":"aprGeprZsMshcZpE","text":"加息券","pageId":"coupon3"},{"parent":"pMQFFAX8fynb4eKR","buttons":[],"roles":["1614df24644111e6b6b400163e0021b3"],"icon":"","id":"sn8JQG7jFHsFxQDN","text":"体验金","pageId":"coupon4"},{"parent":"pMQFFAX8fynb4eKR","buttons":[],"roles":["1614df24644111e6b6b400163e0021b3"],"icon":"","id":"ECbFTfxSbwf8hryf","text":"卡券明细","pageId":"couponDetail"}],"roles":["1614df24644111e6b6b400163e0021b3"],"icon":"fa-credit-card","id":"pMQFFAX8fynb4eKR","text":"卡券管理","pageId":""},{"parent":"nKKaixTZ82JYJ3fm","buttons":[],"children":[{"parent":"4TdeeJPZhPH38MJY","buttons":[],"roles":["1614df24644111e6b6b400163e0021b3"],"icon":"fa-circle-o","id":"PSwarrnhTpeQDTXN","text":"消息推送","pageId":"msg-push"},{"parent":"4TdeeJPZhPH38MJY","buttons":[],"roles":["1614df24644111e6b6b400163e0021b3"],"icon":"fa-circle-o","id":"TC6S2Djd865EWzCZ","text":"推送统计","pageId":"push-count"}],"roles":["1614df24644111e6b6b400163e0021b3"],"icon":"fa-commenting-o","id":"4TdeeJPZhPH38MJY","text":"消息推送","pageId":""},{"parent":"nKKaixTZ82JYJ3fm","buttons":[],"children":[{"parent":"pXhXbbYWNDf3QWXD","buttons":[],"roles":["1614df24644111e6b6b400163e0021b3"],"icon":"fa-circle-o","id":"zJbdAj2yRji72N5H","text":"软文管理","pageId":"advertorials"}],"roles":["1614df24644111e6b6b400163e0021b3"],"icon":"fa-gears","id":"pXhXbbYWNDf3QWXD","text":"推广管理","pageId":""},{"parent":"nKKaixTZ82JYJ3fm","buttons":[],"roles":["1614df24644111e6b6b400163e0021b3"],"icon":"fa-line-chart","id":"CptekbbNHCfsDbPG","text":"数据分析","pageId":"data-analyze"},{"parent":"nKKaixTZ82JYJRfm","buttons":[],"roles":["1614df24644111e6b6b400163e0021b3"],"icon":"fa-user","id":"5d2cRMDEQtHxSPYy","text":"商家设置","pageId":"setting"}],"roles":["1614df24644111e6b6b400163e0021b3"],"id":"nKKaixTZ82JYJ3fm","text":"运营管理","pageId":""},{"parent":"","buttons":[],"children":[{"parent":"nKKaixTZ82JYJRfm","buttons":[],"children":[{"parent":"4z7pxRnB3nKGsX5p","buttons":[],"roles":["1614df24644111e6b6b400163e0021b3"],"id":"BnjPtJR2XAj63pMi","text":"菜单管理","pageId":"menu"},{"parent":"4z7pxRnB3nKGsX5p","buttons":[],"roles":["1614df24644111e6b6b400163e0021b3"],"id":"cjQd56mXnWAmzyeh","text":"角色管理","pageId":"role"},{"parent":"4z7pxRnB3nKGsX5p","buttons":[],"roles":["1614df24644111e6b6b400163e0021b3"],"id":"bJ6zjZxBWzSPhDkS","text":"用户管理","pageId":"user"}],"roles":["1614df24644111e6b6b400163e0021b3"],"icon":"fa-lock","id":"4z7pxRnB3nKGsX5p","text":"权限管理","pageId":""}],"roles":["1614df24644111e6b6b400163e0021b3"],"id":"nKKaixTZ82JYJRfm","text":"系统设置","pageId":""}]','GhTulip','01bb31a2c59811e5a0bb00163e0021b3','2016-08-16 19:15:58','2016-08-16 19:16:00');
insert  into `T_OP_SYSTEM_MENU`(`oid`,`config`,`system`,`operator`,`updateTime`,`createTime`) values ('MENU_MIMOSA','[{"parent":"","buttons":[],"children":[{"parent":"Q3mYh4zrnerkExKB","buttons":[],"children":[{"parent":"fS8T7YRTafZ7ZB8e","buttons":[],"roles":["8a21d312558178a4015586240c8c0048"],"icon":"","id":"6eWDrZAjQ5T5KGEd","text":"平台首页","pageId":"platformIndex"},{"parent":"fS8T7YRTafZ7ZB8e","buttons":[],"roles":["8a21d312558178a4015586240c8c0048"],"icon":"","id":"rbMda5Fz4AYiXaAY","text":"发行人首页","pageId":"publisherIndex"}],"roles":["8a21d312558178a4015586240c8c0048"],"icon":"fa-home","id":"fS8T7YRTafZ7ZB8e","text":"首页","pageId":""},{"parent":"Q3mYh4zrnerkExKB","buttons":[],"children":[{"parent":"NQBrXW8SRWQejyhN","buttons":[{"enable":"YES","roles":["8a21d312558178a4015586240c8c0048"],"buttonId":"addChannel","tableId":"","className":"","id":"JaZ2ib7mxhJseR2G","text":"新建渠道","position":"normal"},{"enable":"YES","roles":["8a21d312558178a4015586240c8c0048"],"buttonId":"","tableId":"channelTable","className":"apply","id":"aZKMWkHDtzT5KR63","text":"申请启用/停用","position":"table"}],"roles":["8a21d312558178a4015586240c8c0048"],"icon":"","id":"we5Y2KfA6ynxthN8","text":"全部渠道","pageId":"channel"},{"parent":"NQBrXW8SRWQejyhN","buttons":[{"enable":"YES","roles":["8a21d312558178a4015586240c8c0048"],"buttonId":"","tableId":"waitTable","className":"item-confirm","id":"BHhtmY6BNa7MfbbS","text":"通过/驳回","position":"table"}],"roles":["8a21d312558178a4015586240c8c0048"],"icon":"","id":"3fADJBAZZNQPkc4W","text":"渠道审批","pageId":"channelapply"},{"parent":"NQBrXW8SRWQejyhN","buttons":[{"enable":"YES","roles":["8a21d312558178a4015586240c8c0048"],"buttonId":"","tableId":"productTable","className":"item-input","id":"zWpTZ535JXTC3PaJ","text":"产品:录入明细","position":"table"}],"roles":["8a21d312558178a4015586240c8c0048"],"icon":"","id":"GBDXTsZ5wyNk26FM","text":"渠道详情","pageId":"channeldetail"}],"roles":["8a21d312558178a4015586240c8c0048"],"icon":"fa-truck","id":"NQBrXW8SRWQejyhN","text":"渠道管理","pageId":""},{"parent":"Q3mYh4zrnerkExKB","buttons":[],"children":[{"parent":"Bs4dRFRtj5erRN4n","buttons":[{"enable":"YES","roles":["8a21d312558178a4015586240c8c0048"],"buttonId":"targetAdd","tableId":"","className":"","id":"Je7PpZrdReRxK7Xj","text":"新建标的","position":"normal"},{"enable":"YES","roles":["8a21d312558178a4015586240c8c0048"],"buttonId":"","tableId":"targetApplyTable","className":"item-edit","id":"StmbMjQxicDFBDKE","text":"编辑标的","position":"table"},{"enable":"YES","roles":["8a21d312558178a4015586240c8c0048"],"buttonId":"","tableId":"targetApplyTable","className":"item-invalid","id":"mrGrpw74sFE6NNJb","text":"标的作废","position":"table"},{"enable":"YES","roles":["8a21d312558178a4015586240c8c0048"],"buttonId":"","tableId":"targetApplyTable","className":"item-check","id":"rXmKDb6xmFNSnEaD","text":"提交预审","position":"table"},{"enable":"YES","roles":["8a21d312558178a4015586240c8c0048"],"buttonId":"","tableId":"targetApplyTable","className":"item-enter","id":"hansGaWJtHeNkhCr","text":"标的确认","position":"table"},{"enable":"YES","roles":["8a21d312558178a4015586240c8c0048"],"buttonId":"projectAdd","tableId":"","className":"","id":"p2rpAjCRE6afheaQ","text":"新建底层项目","position":"normal"},{"enable":"YES","roles":["8a21d312558178a4015586240c8c0048"],"buttonId":"","tableId":"projectTable","className":"item-project-update","id":"CtYn7zybnT3e3Eem","text":"编辑底层项目","position":"table"},{"enable":"YES","roles":["8a21d312558178a4015586240c8c0048"],"buttonId":"","tableId":"projectTable","className":"item-project-delete","id":"XBf36Scs2CMJGJMJ","text":"删除底层项目","position":"table"}],"roles":["8a21d312558178a4015586240c8c0048"],"icon":"","id":"KfHpNzrd3AcDse5b","text":"标的申请管理","pageId":"targetApply"},{"parent":"Bs4dRFRtj5erRN4n","buttons":[{"enable":"YES","roles":["8a21d312558178a4015586240c8c0048"],"buttonId":"","tableId":"targetAccessTable","className":"item-check","id":"Acjh8YPHHFBZerPT","text":"标的预审","position":"table"}],"roles":["8a21d312558178a4015586240c8c0048"],"icon":"","id":"EHXBZcYD2fhSYkhB","text":"标的审核管理","pageId":"targetAccess"},{"parent":"Bs4dRFRtj5erRN4n","buttons":[{"enable":"YES","roles":["8a21d312558178a4015586240c8c0048"],"buttonId":"","tableId":"dataTable","className":"item-establish","id":"b6WQN2GcirBybjC3","text":"资产成立","position":"table"},{"enable":"YES","roles":["8a21d312558178a4015586240c8c0048"],"buttonId":"","tableId":"dataTable","className":"item-unEstablish","id":"kmmkTcAzmCM47F7t","text":"成立失败","position":"table"},{"enable":"YES","roles":["8a21d312558178a4015586240c8c0048"],"buttonId":"","tableId":"dataTable","className":"item-close","id":"A7fx7GwrmYwA6cGT","text":"资产结束","position":"table"},{"enable":"YES","roles":["8a21d312558178a4015586240c8c0048"],"buttonId":"","tableId":"dataTable","className":"item-overdue","id":"ej8dSWZEJjXfa5xy","text":"资产逾期","position":"table"},{"enable":"YES","roles":["8a21d312558178a4015586240c8c0048"],"buttonId":"","tableId":"dataTable","className":"item-normalIncome","id":"fr7CZ3scPnxWHpjr","text":"本息兑付","position":"table"},{"enable":"YES","roles":["8a21d312558178a4015586240c8c0048"],"buttonId":"","tableId":"dataTable","className":"item-overdueIncome","id":"DFJAdSXhHrjpniaS","text":"逾期兑付","position":"table"},{"enable":"YES","roles":["8a21d312558178a4015586240c8c0048"],"buttonId":"","tableId":"dataTable","className":"item-cancel","id":"R5DiYBihwE6EbW48","text":"坏账核销","position":"table"},{"enable":"YES","roles":["8a21d312558178a4015586240c8c0048"],"buttonId":"","tableId":"dataTable","className":"item-overdueTransfer","id":"eRyFfS77RSF5HNmj","text":"逾期转让","position":"table"}],"roles":["8a21d312558178a4015586240c8c0048"],"icon":"","id":"K5itRP24jMG7kenz","text":"投资标的备选库","pageId":"targetStorage"},{"parent":"Bs4dRFRtj5erRN4n","buttons":[{"enable":"YES","roles":["8a21d312558178a4015586240c8c0048"],"buttonId":"","tableId":"dataTable","className":"item-establish","id":"rc4WSYnMEAc2Yej6","text":"资产成立","position":"table"},{"enable":"YES","roles":["8a21d312558178a4015586240c8c0048"],"buttonId":"","tableId":"dataTable","className":"item-unEstablish","id":"3xWiRsJrfAQbFSZa","text":"成立失败","position":"table"},{"enable":"YES","roles":["8a21d312558178a4015586240c8c0048"],"buttonId":"","tableId":"dataTable","className":"item-close","id":"b7W4HkX8Wt5NmFzh","text":"资产结束","position":"table"},{"enable":"YES","roles":["8a21d312558178a4015586240c8c0048"],"buttonId":"","tableId":"dataTable","className":"item-overdue","id":"ZP5JjSmtS8S4AJGR","text":"资产逾期","position":"table"},{"enable":"YES","roles":["8a21d312558178a4015586240c8c0048"],"buttonId":"","tableId":"dataTable","className":"item-normalIncome","id":"KSy2BwYn5NyfaTMJ","text":"本息兑付","position":"table"},{"enable":"YES","roles":["8a21d312558178a4015586240c8c0048"],"buttonId":"","tableId":"dataTable","className":"item-overdueIncome","id":"nJJZCkRYxZaBkFdX","text":"逾期兑付","position":"table"},{"enable":"YES","roles":["8a21d312558178a4015586240c8c0048"],"buttonId":"","tableId":"dataTable","className":"item-cancel","id":"eGwSZYFm7KwbyMHh","text":"坏账核销","position":"table"},{"enable":"YES","roles":["8a21d312558178a4015586240c8c0048"],"buttonId":"","tableId":"dataTable","className":"item-overdueTransfer","id":"WkdJF8JNXRtdiHAy","text":"逾期转让","position":"table"}],"roles":["8a21d312558178a4015586240c8c0048"],"icon":"","id":"3DQP5e5fn8rN2eYs","text":"持仓标的管理","pageId":"targetHold"},{"parent":"Bs4dRFRtj5erRN4n","buttons":[{"enable":"YES","roles":["8a21d312558178a4015586240c8c0048"],"buttonId":"","tableId":"dataTable","className":"item-establish","id":"mTeEECR5jXHdKCe6","text":"资产成立","position":"table"},{"enable":"YES","roles":["8a21d312558178a4015586240c8c0048"],"buttonId":"","tableId":"dataTable","className":"item-unEstablish","id":"RXjhFnDbwEb2wipY","text":"成立失败","position":"table"},{"enable":"YES","roles":["8a21d312558178a4015586240c8c0048"],"buttonId":"","tableId":"dataTable","className":"item-close","id":"4E2weWHn7bSTAppb","text":"资产结束","position":"table"}],"roles":["8a21d312558178a4015586240c8c0048"],"icon":"","id":"HfDCz6TfNfctBjRA","text":"未持仓标的管理","pageId":"targetNotHold"},{"parent":"Bs4dRFRtj5erRN4n","buttons":[{"enable":"YES","roles":["8a21d312558178a4015586240c8c0048"],"buttonId":"","tableId":"dataTable","className":"item-establish","id":"iyWH5sT4kWKYiF7j","text":"资产成立","position":"table"},{"enable":"YES","roles":["8a21d312558178a4015586240c8c0048"],"buttonId":"","tableId":"dataTable","className":"item-unEstablish","id":"A5M8YTiQpfJCn7b2","text":"成立失败","position":"table"},{"enable":"YES","roles":["8a21d312558178a4015586240c8c0048"],"buttonId":"","tableId":"dataTable","className":"item-targetIncome","id":"KtEjwJcsWn26rJyZ","text":"本息兑付","position":"table"},{"enable":"YES","roles":["8a21d312558178a4015586240c8c0048"],"buttonId":"","tableId":"dataTable","className":"item-close","id":"kjHC6M8GJnStDGCE","text":"资产结束","position":"table"},{"enable":"YES","roles":["8a21d312558178a4015586240c8c0048"],"buttonId":"","tableId":"dataTable","className":"item-overdue","id":"HkcbwGxaFnayx2jX","text":"资产逾期","position":"table"}],"roles":["8a21d312558178a4015586240c8c0048"],"icon":"","id":"Ftm7a8DtH8QeYsAW","text":"历史标的管理","pageId":"targetHistory"},{"parent":"Bs4dRFRtj5erRN4n","buttons":[{"enable":"YES","roles":["8a21d312558178a4015586240c8c0048"],"buttonId":"","tableId":"targetCollectTable","className":"item-add","id":"SrNRKpQQTSAjEnwZ","text":"风险采集","position":"table"}],"roles":["8a21d312558178a4015586240c8c0048"],"icon":"","id":"JJPQcXhm8fFwYhXf","text":"风险预警管理","pageId":"targetCollect"},{"parent":"Bs4dRFRtj5erRN4n","buttons":[{"enable":"YES","roles":["8a21d312558178a4015586240c8c0048"],"buttonId":"","tableId":"riskWarningHandleTable","className":"item-handle","id":"yYCReHmKtB3FzHRK","text":"风险处置","position":"table"}],"roles":["8a21d312558178a4015586240c8c0048"],"icon":"","id":"XrFRXadEZQpGwdAb","text":"风险处置管理","pageId":"targetHandle"}],"roles":["8a21d312558178a4015586240c8c0048"],"icon":"fa-building-o","id":"Bs4dRFRtj5erRN4n","text":"投资标的管理","pageId":""},{"parent":"Q3mYh4zrnerkExKB","buttons":[],"children":[{"parent":"xW5cnWWh87bfhPNc","buttons":[{"enable":"YES","roles":["8a21d312558178a4015586240c8c0048"],"buttonId":"cashToolAdd","tableId":"","className":"","id":"i2asicYdZ7RczwpF","text":"新建","position":"normal"},{"enable":"YES","roles":["8a21d312558178a4015586240c8c0048"],"buttonId":"","tableId":"cashToolApplyTable","className":"item-edit","id":"cFPdfdiz52eyeehj","text":"编辑","position":"table"},{"enable":"YES","roles":["8a21d312558178a4015586240c8c0048"],"buttonId":"","tableId":"cashToolApplyTable","className":"item-check","id":"NzHimXezGtJ3yHk2","text":"提交审核","position":"table"},{"enable":"YES","roles":["8a21d312558178a4015586240c8c0048"],"buttonId":"","tableId":"cashToolApplyTable","className":"item-invalid","id":"KeMrtiCdDh4BJnH2","text":"作废","position":"table"}],"roles":["8a21d312558178a4015586240c8c0048"],"icon":"","id":"tEeaknjiNy6yJtHx","text":"现金管理类工具申请","pageId":"cashtoolApply"},{"parent":"xW5cnWWh87bfhPNc","buttons":[{"enable":"YES","roles":["8a21d312558178a4015586240c8c0048"],"buttonId":"","tableId":"targetAccessTable","className":"item-check","id":"iEmen2FWx2NZyRME","text":"审核","position":"table"}],"roles":["8a21d312558178a4015586240c8c0048"],"icon":"","id":"BJ7fkc2SNTwEea44","text":"现金管理类工具审查","pageId":"cashtoolAccess"},{"parent":"xW5cnWWh87bfhPNc","buttons":[{"enable":"YES","roles":["8a21d312558178a4015586240c8c0048"],"buttonId":"","tableId":"dataTable","className":"item-cashToolRevenue","id":"E5DZnsmExNjh4QsY","text":"收益采集","position":"table"},{"enable":"YES","roles":["8a21d312558178a4015586240c8c0048"],"buttonId":"","tableId":"dataTable","className":"item-remove","id":"25ttAtbpTrc2yYes","text":"移除出库","position":"table"}],"roles":["8a21d312558178a4015586240c8c0048"],"icon":"","id":"QbAAMp8s742JEkMr","text":"现金管理类工具备选库","pageId":"cashtoolStorage"},{"parent":"xW5cnWWh87bfhPNc","buttons":[{"enable":"YES","roles":["8a21d312558178a4015586240c8c0048"],"buttonId":"","tableId":"dataTable","className":"item-cashToolRevenue","id":"FyT2MAwBFfATYppP","text":"收益采集","position":"table"}],"roles":["8a21d312558178a4015586240c8c0048"],"icon":"","id":"keaRBNDBFftszbMA","text":"历史现金管理类工具","pageId":"cashtoolHistory"}],"roles":["8a21d312558178a4015586240c8c0048"],"icon":"fa-credit-card","id":"xW5cnWWh87bfhPNc","text":"现金管理类工具管理","pageId":""},{"parent":"Q3mYh4zrnerkExKB","buttons":[],"children":[{"parent":"6nWZNkQFyXyAw7s3","buttons":[{"enable":"YES","roles":["8a21d312558178a4015586240c8c0048"],"buttonId":"productAdd","tableId":"","className":"","id":"nbYzaEBKJpR6P8zM","text":"新建产品","position":"normal"},{"enable":"YES","roles":["8a21d312558178a4015586240c8c0048"],"buttonId":"","tableId":"productDesignTable","className":"item-update","id":"3PNwZFNhFbJ7tZpX","text":"编辑产品","position":"table"},{"enable":"YES","roles":["8a21d312558178a4015586240c8c0048"],"buttonId":"","tableId":"productDesignTable","className":"item-invalid","id":"XyWf2eH3Tb38E5GR","text":"产品作废","position":"table"},{"enable":"YES","roles":["8a21d312558178a4015586240c8c0048"],"buttonId":"","tableId":"productDesignTable","className":"item-reward","id":"KJmfkZ4TmJ73R3dX","text":"奖励收益设置","position":"table"},{"enable":"YES","roles":["8a21d312558178a4015586240c8c0048"],"buttonId":"productAudit","tableId":"","className":"","id":"eK7SQdhTYe34Pkjz","text":"提交审核","position":"normal"}],"roles":["8a21d312558178a4015586240c8c0048"],"icon":"","id":"PTehSf6nSWsHEjPa","text":"产品申请管理","pageId":"productDesign"},{"parent":"6nWZNkQFyXyAw7s3","buttons":[{"enable":"YES","roles":["8a21d312558178a4015586240c8c0048"],"buttonId":"","tableId":"productAuditTable","className":"item-approve","id":"8p4CH7cQax73NKJP","text":"批准","position":"table"},{"enable":"YES","roles":["8a21d312558178a4015586240c8c0048"],"buttonId":"","tableId":"productAuditTable","className":"item-reject","id":"BxY3bibbCZKCApEb","text":"驳回","position":"table"}],"roles":["8a21d312558178a4015586240c8c0048"],"icon":"","id":"PrBXBk3CysPK8Ce2","text":"产品审核管理","pageId":"productAudit"},{"parent":"6nWZNkQFyXyAw7s3","buttons":[{"enable":"YES","roles":["8a21d312558178a4015586240c8c0048"],"buttonId":"","tableId":"productReviewTable","className":"item-approve","id":"Skk86tyZ2tKCnYx8","text":"批准","position":"table"},{"enable":"YES","roles":["8a21d312558178a4015586240c8c0048"],"buttonId":"","tableId":"productReviewTable","className":"item-reject","id":"3mt8scyBpMzbS7r7","text":"驳回","position":"table"}],"roles":["8a21d312558178a4015586240c8c0048"],"icon":"","id":"rMfezsN7SacMPt25","text":"产品复核管理","pageId":"productReview"},{"parent":"6nWZNkQFyXyAw7s3","buttons":[],"roles":["8a21d312558178a4015586240c8c0048"],"icon":"","id":"WNypkjRGASd8R5A8","text":"产品运营管理","pageId":"productDuration"},{"parent":"6nWZNkQFyXyAw7s3","buttons":[{"enable":"YES","roles":["8a21d312558178a4015586240c8c0048"],"buttonId":"channelApply","tableId":"","className":"","id":"y4BPce6iW6fHaWj2","text":"发行渠道申请","position":"normal"},{"enable":"YES","roles":["8a21d312558178a4015586240c8c0048"],"buttonId":"openPurchase","tableId":"","className":"","id":"wwDedF2bpTPhYtiF","text":"开启申购申请","position":"normal"},{"enable":"YES","roles":["8a21d312558178a4015586240c8c0048"],"buttonId":"closePurchase","tableId":"","className":"","id":"SicXtH47JN2TXC4E","text":"关闭申购申请","position":"normal"},{"enable":"YES","roles":["8a21d312558178a4015586240c8c0048"],"buttonId":"openRemeed","tableId":"","className":"","id":"dizQmTKPGYST6563","text":"开启赎回申请","position":"normal"},{"enable":"YES","roles":["8a21d312558178a4015586240c8c0048"],"buttonId":"closeRemeed","tableId":"","className":"","id":"wi8KMJrsZGmMzibF","text":"关闭赎回申请","position":"normal"},{"enable":"YES","roles":["8a21d312558178a4015586240c8c0048"],"buttonId":"availbleSaleVolume","tableId":"","className":"","id":"7BG6TPBftCDKJjrD","text":"可售份额申请","position":"normal"},{"enable":"YES","roles":["8a21d312558178a4015586240c8c0048"],"buttonId":"tradingRuleSet","tableId":"","className":"","id":"J3P6W5MsjKFJ2eXd","text":"交易规则设置","position":"normal"},{"enable":"YES","roles":["8a21d312558178a4015586240c8c0048"],"buttonId":"manageTradeorder","tableId":"","className":"","id":"PYakjDFtmn3PHdc3","text":"赎回单处理","position":"normal"},{"enable":"YES","roles":["8a21d312558178a4015586240c8c0048"],"buttonId":"clearingProduct","tableId":"","className":"","id":"Qrr55twSWjz7sSQj","text":"触发清盘","position":"normal"},{"enable":"YES","roles":["8a21d312558178a4015586240c8c0048"],"buttonId":"","tableId":"channelTable","className":"item-cancel","id":"cnXTaeZjRRhYf3RY","text":"发行渠道申请撤销","position":"table"},{"enable":"YES","roles":["8a21d312558178a4015586240c8c0048"],"buttonId":"","tableId":"channelTable","className":"item-pass","id":"KiiZjrJZGcy46EcN","text":"发行渠道申请通过","position":"table"},{"enable":"YES","roles":["8a21d312558178a4015586240c8c0048"],"buttonId":"","tableId":"channelTable","className":"item-fail","id":"BiineAnrdzwkJJQC","text":"发行渠道申请驳回","position":"table"},{"enable":"YES","roles":["8a21d312558178a4015586240c8c0048"],"buttonId":"","tableId":"channelTable","className":"item-delete","id":"zSxHKd4Z4JFdbQTf","text":"发行渠道申请删除","position":"table"},{"enable":"YES","roles":["8a21d312558178a4015586240c8c0048"],"buttonId":"","tableId":"productPurchaseRemeedTable","className":"item-cancel","id":"chJ6Z6ZAG26fEYZa","text":"运营申请撤销","position":"table"},{"enable":"YES","roles":["8a21d312558178a4015586240c8c0048"],"buttonId":"","tableId":"productPurchaseRemeedTable","className":"item-pass","id":"2j3aeX7nJmQm6E2S","text":"运营申请通过","position":"table"},{"enable":"YES","roles":["8a21d312558178a4015586240c8c0048"],"buttonId":"","tableId":"productPurchaseRemeedTable","className":"item-fail","id":"Riw5HSA8KMKZ8MFH","text":"运营申请驳回","position":"table"},{"enable":"YES","roles":["8a21d312558178a4015586240c8c0048"],"buttonId":"","tableId":"productPurchaseRemeedTable","className":"item-delete","id":"pbecM8DidnXp7N3G","text":"运营申请删除","position":"table"},{"enable":"YES","roles":["8a21d312558178a4015586240c8c0048"],"buttonId":"","tableId":"availbleSaleVolumeTable","className":"item-cancel","id":"jQitxYRGDyfGZPBB","text":"可售份额申请撤销","position":"table"},{"enable":"YES","roles":["8a21d312558178a4015586240c8c0048"],"buttonId":"","tableId":"availbleSaleVolumeTable","className":"item-pass","id":"JfJx7PiBc3kywA28","text":"可售份额申请通过","position":"table"},{"enable":"YES","roles":["8a21d312558178a4015586240c8c0048"],"buttonId":"","tableId":"availbleSaleVolumeTable","className":"item-fail","id":"STNt6Rib8tHsdTRt","text":"可售份额申请驳回","position":"table"},{"enable":"YES","roles":["8a21d312558178a4015586240c8c0048"],"buttonId":"","tableId":"availbleSaleVolumeTable","className":"item-delete","id":"FWwkGNYxxEB8PhjJ","text":"可售份额申请删除","position":"table"}],"roles":["8a21d312558178a4015586240c8c0048"],"icon":"","id":"b4TYXE4kmHdNj5Pb","text":"产品运营工作台","pageId":"productDetail"}],"roles":["8a21d312558178a4015586240c8c0048"],"icon":"fa-cubes","id":"6nWZNkQFyXyAw7s3","text":"产品管理","pageId":""},{"parent":"Q3mYh4zrnerkExKB","buttons":[],"children":[{"parent":"xKZH4wnbD3QCC6Jn","buttons":[{"enable":"YES","roles":["8a21d312558178a4015586240c8c0048"],"buttonId":"assetPoolAdd","tableId":"","className":"","id":"dAW336mKFG3dp5Zt","text":"新建资产池","position":"normal"},{"enable":"YES","roles":["8a21d312558178a4015586240c8c0048"],"buttonId":"","tableId":"assetPoolTable","className":"item-update","id":"Ka8tKX2r2CRyGXT6","text":"编辑资产池","position":"table"},{"enable":"YES","roles":["8a21d312558178a4015586240c8c0048"],"buttonId":"","tableId":"assetPoolTable","className":"item-audit","id":"eep8kWntzf7xPPFt","text":"审核资产池","position":"table"},{"enable":"YES","roles":["8a21d312558178a4015586240c8c0048"],"buttonId":"","tableId":"assetPoolTable","className":"item-delete","id":"nnZJdmdBjCjfiXwC","text":"删除资产池","position":"table"},{"enable":"YES","roles":["8a21d312558178a4015586240c8c0048"],"buttonId":"","tableId":"assetPoolTable","className":"item-calc","id":"Ek5swseWfJeSxDpS","text":"部分收益计算","position":"table"},{"enable":"YES","roles":["8a21d312558178a4015586240c8c0048"],"buttonId":"","tableId":"assetPoolTable","className":"item-uncalc","id":"weKD2xQneMHka3kw","text":"忽略收益计算","position":"table"}],"roles":["8a21d312558178a4015586240c8c0048"],"icon":"","id":"st5GztGDrzFbnjYS","text":"资产池管理","pageId":"AssetPool"},{"parent":"xKZH4wnbD3QCC6Jn","buttons":[{"enable":"YES","roles":["8a21d312558178a4015586240c8c0048"],"buttonId":"marketAdjsut","tableId":"","className":"","id":"xjSN5yt3dinrQpQd","text":"市值校准","position":"normal"},{"enable":"YES","roles":["8a21d312558178a4015586240c8c0048"],"buttonId":"profitDistribute","tableId":"","className":"","id":"3YCSfZFfmPJP6DjH","text":"收益分配","position":"normal"},{"enable":"YES","roles":["8a21d312558178a4015586240c8c0048"],"buttonId":"","tableId":"marketAdjustTable","className":"item-audit","id":"jj5WF7wDQMaCcPjs","text":"市值校准申请审核","position":"table"},{"enable":"YES","roles":["8a21d312558178a4015586240c8c0048"],"buttonId":"","tableId":"marketAdjustTable","className":"item-delete","id":"CMnNaZWhQr6Qpe5H","text":"删除市值校准申请","position":"table"},{"enable":"YES","roles":["8a21d312558178a4015586240c8c0048"],"buttonId":"","tableId":"profitDistributeTable","className":"item-audit","id":"p5eWRacQCrbY4fj2","text":"收益分配申请审核","position":"table"},{"enable":"YES","roles":["8a21d312558178a4015586240c8c0048"],"buttonId":"","tableId":"profitDistributeTable","className":"item-delete","id":"5be2Q36PJzimPxwP","text":"收益分配申请删除","position":"table"},{"enable":"YES","roles":["8a21d312558178a4015586240c8c0048"],"buttonId":"","tableId":"profitDistributeTable","className":"item-allocate","id":"2kkNNtbdKcxJtHNS","text":"收益分配再次发放","position":"table"},{"enable":"YES","roles":["8a21d312558178a4015586240c8c0048"],"buttonId":"buyAsset","tableId":"","className":"","id":"hhwpazCsX4ZJymKf","text":"资产申购","position":"normal"},{"enable":"YES","roles":["8a21d312558178a4015586240c8c0048"],"buttonId":"updateAccount","tableId":"","className":"","id":"AXMPmJtNcwheTwby","text":"现金校准","position":"normal"},{"enable":"YES","roles":["8a21d312558178a4015586240c8c0048"],"buttonId":"updateProfit","tableId":"","className":"","id":"EGRZaawsMz7KRZRn","text":"损益校准","position":"normal"},{"enable":"YES","roles":["8a21d312558178a4015586240c8c0048"],"buttonId":"","tableId":"orderingToolTable","className":"item-audit","id":"a7pQxnS7cbQAKfsf","text":"审核现金管理类工具订单","position":"table"},{"enable":"YES","roles":["8a21d312558178a4015586240c8c0048"],"buttonId":"","tableId":"orderingToolTable","className":"item-ordering","id":"cfNYR7xCBrDD3zJF","text":"预约现金管理类工具订单","position":"table"},{"enable":"YES","roles":["8a21d312558178a4015586240c8c0048"],"buttonId":"","tableId":"orderingToolTable","className":"item-accpet","id":"ntYnir8niQsp6AGE","text":"确认现金管理类工具订单","position":"table"},{"enable":"YES","roles":["8a21d312558178a4015586240c8c0048"],"buttonId":"","tableId":"orderingToolTable","className":"item-delete","id":"TmJp45Ci85fHpceY","text":"删除现金管理类工具订单","position":"table"},{"enable":"YES","roles":["8a21d312558178a4015586240c8c0048"],"buttonId":"","tableId":"toolTable","className":"item-redeem","id":"CxJw4pS8ezrd3ArG","text":"现金管理类工具赎回","position":"table"},{"enable":"YES","roles":["8a21d312558178a4015586240c8c0048"],"buttonId":"","tableId":"toolTable","className":"item-update","id":"DnsKe6zQjdXwYQAs","text":"现金管理类工具估值校准","position":"table"},{"enable":"YES","roles":["8a21d312558178a4015586240c8c0048"],"buttonId":"","tableId":"orderingTrustTable","className":"item-audit","id":"nGnbfsC6FBbhdNy4","text":"投资标的申购订单审核","position":"table"},{"enable":"YES","roles":["8a21d312558178a4015586240c8c0048"],"buttonId":"","tableId":"orderingTrustTable","className":"item-ordering","id":"58CcMi45XR24Tsz8","text":"投资标的申购订单预约","position":"table"},{"enable":"YES","roles":["8a21d312558178a4015586240c8c0048"],"buttonId":"","tableId":"orderingTrustTable","className":"item-accpet","id":"Nn33cbQNmsXjS8pd","text":"投资标的申购订单确认","position":"table"},{"enable":"YES","roles":["8a21d312558178a4015586240c8c0048"],"buttonId":"","tableId":"orderingTrustTable","className":"item-trans-audit","id":"TKz8YBM4M3FGiJJ5","text":"投资标的转入订单审核","position":"table"},{"enable":"YES","roles":["8a21d312558178a4015586240c8c0048"],"buttonId":"","tableId":"orderingTrustTable","className":"item-trans-ordering","id":"Q6Btzw4mypKzwSYb","text":"投资标的转入订单预约","position":"table"},{"enable":"YES","roles":["8a21d312558178a4015586240c8c0048"],"buttonId":"","tableId":"orderingTrustTable","className":"item-trans-accpet","id":"pJ28zyn2EHSNEWDc","text":"投资标的转入订单确认","position":"table"},{"enable":"YES","roles":["8a21d312558178a4015586240c8c0048"],"buttonId":"","tableId":"orderingTrustTable","className":"item-back-audit","id":"34jj7ssZixxCpTyd","text":"投资标的退款订单审核","position":"table"},{"enable":"YES","roles":["8a21d312558178a4015586240c8c0048"],"buttonId":"","tableId":"orderingTrustTable","className":"item-back-accpet","id":"SeCRJ7KXD4Ch2TA3","text":"投资标的退款订单确认","position":"table"},{"enable":"YES","roles":["8a21d312558178a4015586240c8c0048"],"buttonId":"","tableId":"orderingTrustTable","className":"item-income-audit","id":"Z7b8W2JdXddZCGjh","text":"投资标的本息兑付审核","position":"table"},{"enable":"YES","roles":["8a21d312558178a4015586240c8c0048"],"buttonId":"","tableId":"orderingTrustTable","className":"item-income-accpet","id":"YphYH87PNcwfKXAD","text":"投资标的本息兑付确认","position":"table"},{"enable":"YES","roles":["8a21d312558178a4015586240c8c0048"],"buttonId":"","tableId":"orderingTrustTable","className":"item-transfer-audit","id":"2JpMkJZxXRnAFjDE","text":"投资标的转让订单审核","position":"table"},{"enable":"YES","roles":["8a21d312558178a4015586240c8c0048"],"buttonId":"","tableId":"orderingTrustTable","className":"item-transfer-accpet","id":"6s35NSBPcaxHyxZG","text":"投资标的转让订单确认","position":"table"},{"enable":"YES","roles":["8a21d312558178a4015586240c8c0048"],"buttonId":"","tableId":"orderingTrustTable","className":"item-overdue-transfer-audit","id":"hQhZXe3riyjhxAQC","text":"投资标的逾期转让订单审核","position":"table"},{"enable":"YES","roles":["8a21d312558178a4015586240c8c0048"],"buttonId":"","tableId":"orderingTrustTable","className":"item-overdue-transfer-accpet","id":"5pGi6GATiiYA4xBR","text":"投资标的逾期转让订单确认","position":"table"},{"enable":"YES","roles":["8a21d312558178a4015586240c8c0048"],"buttonId":"","tableId":"orderingTrustTable","className":"item-delete","id":"h3cCzjdjxrm8y5WG","text":"投资标的订单删除","position":"table"},{"enable":"YES","roles":["8a21d312558178a4015586240c8c0048"],"buttonId":"","tableId":"trustTable","className":"item-income","id":"HF5ZXwHSzBdiRHSz","text":"投资标的本息兑付","position":"table"},{"enable":"YES","roles":["8a21d312558178a4015586240c8c0048"],"buttonId":"","tableId":"trustTable","className":"item-transfer","id":"ESBxYTE6pjXa7acE","text":"投资标的转让","position":"table"},{"enable":"YES","roles":["8a21d312558178a4015586240c8c0048"],"buttonId":"","tableId":"trustTable","className":"item-overdue-transfer","id":"iRdsemQwGKZJCM7A","text":"投资标的逾期转让","position":"table"},{"enable":"YES","roles":["8a21d312558178a4015586240c8c0048"],"buttonId":"","tableId":"trustTable","className":"item-back","id":"G8QdpkwkRXhY7pds","text":"投资标的退款","position":"table"},{"enable":"YES","roles":["8a21d312558178a4015586240c8c0048"],"buttonId":"","tableId":"trustTable","className":"item-update","id":"B2AFXxsJ6fzWDfJp","text":"投资标的估值校准","position":"table"}],"roles":["8a21d312558178a4015586240c8c0048"],"icon":"","id":"KCsrTxGeWwwRGTwJ","text":"资产池存续期管理","pageId":"AssetPoolDuration"},{"parent":"xKZH4wnbD3QCC6Jn","buttons":[],"roles":["8a21d312558178a4015586240c8c0048"],"icon":"","id":"Cmz7k6A26aWZy6TH","text":"持有人名册管理","pageId":"investor"},{"parent":"xKZH4wnbD3QCC6Jn","buttons":[],"roles":["8a21d312558178a4015586240c8c0048"],"icon":"","id":"6wWtSDmcSBkTwfBr","text":"未确认持有人订单管理","pageId":"inputOrder"},{"parent":"xKZH4wnbD3QCC6Jn","buttons":[{"enable":"YES","roles":["8a21d312558178a4015586240c8c0048"],"buttonId":"orderAdd","tableId":"","className":"","id":"Dc55xM3hk5dZQdYW","text":"新建订单","position":"normal"},{"enable":"YES","roles":["8a21d312558178a4015586240c8c0048"],"buttonId":"","tableId":"spvOrderTable","className":"item-invalid","id":"Q5CRAG3py8FYB2cy","text":"作废","position":"table"},{"enable":"YES","roles":["8a21d312558178a4015586240c8c0048"],"buttonId":"","tableId":"spvOrderTable","className":"item-audit","id":"CkipdSCwj6XkPGaX","text":"审核确定","position":"table"}],"roles":["8a21d312558178a4015586240c8c0048"],"icon":"","id":"3kjFaezJKAfwAfwB","text":"发行人交易管理","pageId":"spvTrade"},{"parent":"xKZH4wnbD3QCC6Jn","buttons":[{"enable":"YES","roles":["8a21d312558178a4015586240c8c0048"],"buttonId":"chargeFeeApply","tableId":"","className":"","id":"mn2z3Kr6jnEG48Wj","text":"申请计提","position":"normal"},{"enable":"YES","roles":["8a21d312558178a4015586240c8c0048"],"buttonId":"","tableId":"chargeFeeTable","className":"item-draw","id":"jwSzNhaeBhyr6dGd","text":"费金提取","position":"table"}],"roles":["8a21d312558178a4015586240c8c0048"],"icon":"","id":"ew22wtFFYWJXzNnX","text":"费金提取","pageId":"chargeFee"}],"roles":["8a21d312558178a4015586240c8c0048"],"icon":"fa-tachometer","id":"xKZH4wnbD3QCC6Jn","text":"运营管理","pageId":""},{"parent":"Q3mYh4zrnerkExKB","buttons":[],"children":[{"parent":"xNPWQ5fQpterihQ4","buttons":[],"roles":["8a21d312558178a4015586240c8c0048"],"icon":"","id":"hyBHkwemBfrtfpPJ","text":"凭证查询","pageId":"document"},{"parent":"xNPWQ5fQpterihQ4","buttons":[],"roles":["8a21d312558178a4015586240c8c0048"],"icon":"","id":"6A6ErRddiG2WmQpn","text":"资产负债情况试算表","pageId":"bookBalance"}],"roles":["8a21d312558178a4015586240c8c0048"],"icon":"fa-book","id":"xNPWQ5fQpterihQ4","text":"会计分录","pageId":""},{"parent":"Q3mYh4zrnerkExKB","buttons":[],"children":[{"parent":"WS4sYGJSEEHXhbKR","buttons":[],"roles":["8a21d312558178a4015586240c8c0048"],"icon":"","id":"n7mF3xwXEJ3xiEMY","text":"发行人资金管理","pageId":"publisherGacha"},{"parent":"WS4sYGJSEEHXhbKR","buttons":[],"roles":["8a21d312558178a4015586240c8c0048"],"icon":"","id":"sZBBjCSPFKDXnkDc","text":"发行人-平台轧差","pageId":"platform-publisherGacha"},{"parent":"WS4sYGJSEEHXhbKR","buttons":[],"roles":["8a21d312558178a4015586240c8c0048"],"icon":"","id":"YyTCnBh8hSxNGmbj","text":"投资人-平台轧差","pageId":"platform-investorGacha"},{"parent":"WS4sYGJSEEHXhbKR","buttons":[],"roles":["8a21d312558178a4015586240c8c0048"],"icon":"","id":"wdFK6MQ8zQGE6ETK","text":"退款单管理","pageId":"refundmng"}],"roles":["8a21d312558178a4015586240c8c0048"],"icon":"fa-money","id":"WS4sYGJSEEHXhbKR","text":"资金管理","pageId":""},{"parent":"Q3mYh4zrnerkExKB","buttons":[],"children":[{"parent":"bDxymrWhNmM73KQa","buttons":[],"roles":["8a21d312558178a4015586240c8c0048"],"icon":"","id":"FJthK8mc4CbTrZmJ","text":"发行人账户管理","pageId":"c_account"},{"parent":"bDxymrWhNmM73KQa","buttons":[],"roles":["8a21d312558178a4015586240c8c0048"],"icon":"","id":"jyYzchCBwjyGddmBHX","text":"投资人账户管理","pageId":"u_account"},{"parent":"bDxymrWhNmM73KQa","buttons":[],"roles":["8a21d312558178a4015586240c8c0048"],"icon":"","id":"jyYzchCBwjyHYTBHX","text":"账户账务接口日志管理","pageId":"journal"},{"parent":"bDxymrWhNmM73KQa","buttons":[],"roles":["8a21d312558178a4015586240c8c0048"],"icon":"","id":"jyYzchCBwjysmBHX","text":"结算系统接口日志管理","pageId":"settlementLogs"},{"parent":"bDxymrWhNmM73KQa","buttons":[],"roles":["8a21d312558178a4015586240c8c0048"],"icon":"","id":"4heJePZFyep45aw6","text":"发行人账户管理详情","pageId":"c_accountdetail"},{"parent":"bDxymrWhNmM73KQa","buttons":[],"roles":["8a21d312558178a4015586240c8c0048"],"icon":"","id":"8aXawSnawRfkAw24","text":"投资人账户管理详情","pageId":"u_accountdetail"}],"roles":["8a21d312558178a4015586240c8c0048"],"icon":"fa-suitcase","id":"bDxymrWhNmM73KQa","text":"账户管理","pageId":""},{"parent":"Q3mYh4zrnerkExKB","buttons":[],"children":[{"parent":"bDxymrWhNmM722","buttons":[],"roles":["8a21d312558178a4015586240c8c0048"],"icon":"","id":"4heJePZ3345aw6","text":"对账","pageId":"checkOrder"},{"parent":"bDxymrWhNmM722","buttons":[],"roles":["8a21d312558178a4015586240c8c0048"],"icon":"","id":"8aXawSnawR4424","text":"补账","pageId":"modifyOrder"}],"roles":["8a21d312558178a4015586240c8c0048"],"icon":"fa-sliders","id":"bDxymrWhNmM722","text":"对账管理","pageId":""}],"roles":["8a21d312558178a4015586240c8c0048"],"icon":"","id":"Q3mYh4zrnerkExKB","text":"运营管理","pageId":""},{"parent":"","buttons":[],"children":[{"parent":"FNr44C3KaMfkXzze","buttons":[],"children":[{"parent":"WKnn284dasZC5ewn","buttons":[],"roles":["8a21d312558178a4015586240c8c0048"],"icon":"","id":"NMsMdk5DFFQaQFxkX","text":"渠道管理","pageId":"cmschannel"},{"parent":"WKnn284dasZC5ewn","buttons":[],"roles":["8a21d312558178a4015586240c8c0048"],"icon":"","id":"22sMdk5DFFQaQFxkX","text":"元素管理","pageId":"elementManage"},{"parent":"WKnn284dasZC5ewn","buttons":[],"roles":["8a21d312558178a4015586240c8c0048"],"icon":"","id":"NMsMdkGHRTQaQFxkX","text":"协议管理","pageId":"protocol"},{"parent":"WKnn284dasZC5ewn","buttons":[],"roles":["8a21d312558178a4015586240c8c0048"],"icon":"","id":"NMsMdk5DTrRTYUFkX","text":"Banner管理","pageId":"banner"},{"parent":"WKnn284dasZC5ewn","buttons":[],"roles":["8a21d312558178a4015586240c8c0048"],"icon":"","id":"kw5tMxDY5eJ5StzP","text":"公告管理","pageId":"notice"},{"parent":"WKnn284dasZC5ewn","buttons":[],"roles":["8a21d312558178a4015586240c8c0048"],"icon":"","id":"xWsmDB8XyCDRJSft","text":"活动管理","pageId":"activity"},{"parent":"WKnn284dasZC5ewn","buttons":[],"roles":["8a21d312558178a4015586240c8c0048"],"icon":"","id":"FWk8DfRFha8YYw6h","text":"资讯管理","pageId":"information"},{"parent":"WKnn284dasZC5ewn","buttons":[],"roles":["8a21d312558178a4015586240c8c0048"],"icon":"","id":"ZTEkHCJAHiZG4ajE","text":"意见反馈","pageId":"advice"},{"parent":"WKnn284dasZC5ewn","buttons":[],"roles":["8a21d312558178a4015586240c8c0048"],"icon":"","id":"ByK6cNwb8zQTXsKS","text":"推送管理","pageId":"push"},{"parent":"WKnn284dasZC5ewn","buttons":[],"roles":["8a21d312558178a4015586240c8c0048"],"icon":"","id":"JMkd7n3wJKBTZxbc","text":"版本控制","pageId":"version"},{"parent":"WKnn284dasZC5ewn","buttons":[],"roles":["8a21d312558178a4015586240c8c0048"],"icon":"","id":"zQQMJrZfdaKzCEAz","text":"活动规则管理","pageId":"actrule"},{"parent":"WKnn284dasZC5ewn","buttons":[],"roles":["8a21d312558178a4015586240c8c0048"],"icon":"","id":"zQjQMJggaaKzCEAz","text":"银行卡管理","pageId":"bankCard"}],"roles":["8a21d312558178a4015586240c8c0048"],"icon":"fa-sticky-note","id":"WKnn284dasZC5ewn","text":"内容管理","pageId":""}],"roles":["8a21d312558178a4015586240c8c0048"],"icon":"","id":"FNr44C3KaMfkXzze","text":"CMS管理","pageId":""},{"parent":"","buttons":[],"children":[{"parent":"b5CYBFkxxsFbCXwm","buttons":[],"roles":["8a21d312558178a4015586240c8c0048"],"icon":"fa-exchange","id":"nHsYc3P4kim2Trbf","text":"订单管理","pageId":"receiveOrderSettlement"},{"parent":"b5CYBFkxxsFbCXwm","buttons":[],"children":[{"parent":"DQh7ERsAMAH2dQGR","buttons":[],"roles":["8a21d312558178a4015586240c8c0048"],"icon":"","id":"SabPKcjTd5tdDtke","text":"指令管理","pageId":"paymentSettlement"},{"parent":"DQh7ERsAMAH2dQGR","buttons":[],"roles":["8a21d312558178a4015586240c8c0048"],"icon":"","id":"cRhcsdZzWz2AhrP8","text":"指令审核管理","pageId":"paymentAuditSettlement"}],"roles":["8a21d312558178a4015586240c8c0048"],"icon":"fa-expeditedssl","id":"DQh7ERsAMAH2dQGR","text":"指令管理","pageId":""},{"parent":"b5CYBFkxxsFbCXwm","buttons":[],"children":[{"parent":"22E5PQN4tseTJGak","buttons":[],"roles":["8a21d312558178a4015586240c8c0048"],"icon":"","id":"pym4DzNAQEQAC77E","text":"结算通道","pageId":"comChannel"},{"parent":"22E5PQN4tseTJGak","buttons":[],"roles":["8a21d312558178a4015586240c8c0048"],"icon":"","id":"M6FK3AmxS6Ta3Grr","text":"结算通道银行管理","pageId":"comChannelBank"}],"roles":["8a21d312558178a4015586240c8c0048"],"icon":"fa-odnoklassniki-square","id":"22E5PQN4tseTJGak","text":"结算设置","pageId":""},{"parent":"b5CYBFkxxsFbCXwm","buttons":[],"children":[{"parent":"tZmMEn3KjABp7heK","buttons":[],"roles":["8a21d312558178a4015586240c8c0048"],"icon":"","id":"H6Yz7Q66RPFWji4A","text":"银行账户维护","pageId":"informationSettlement"},{"parent":"tZmMEn3KjABp7heK","buttons":[],"roles":["8a21d312558178a4015586240c8c0048"],"icon":"","id":"2KBmEsXpzYMBMBMi","text":"银行账户审批","pageId":"informationApproval"}],"roles":["8a21d312558178a4015586240c8c0048"],"icon":"fa-bank","id":"tZmMEn3KjABp7heK","text":"银行账户管理","pageId":""},{"parent":"b5CYBFkxxsFbCXwm","buttons":[],"children":[{"parent":"enwXr858YSznPw2Y","buttons":[],"roles":["8a21d312558178a4015586240c8c0048"],"icon":"","id":"4GdhQNbZc7fpSjma","text":"银行对账","pageId":"bankReconciliation"},{"parent":"enwXr858YSznPw2Y","buttons":[],"roles":["8a21d312558178a4015586240c8c0048"],"icon":"","id":"CyAh2hwJpiN7N84W","text":"快付通对账","pageId":"kftReconciliation"},{"parent":"enwXr858YSznPw2Y","buttons":[],"roles":["8a21d312558178a4015586240c8c0048"],"icon":"","id":"seEKX5WC2wmy2QNj","text":"异常单据查询","pageId":"exceptionOrderCheck"},{"parent":"enwXr858YSznPw2Y","buttons":[],"roles":["8a21d312558178a4015586240c8c0048"],"icon":"","id":"8E4RBij5Dsp7eW4N","text":"先锋支付对账","pageId":"ucfReconciliation"},{"parent":"enwXr858YSznPw2Y","buttons":[],"roles":["8a21d312558178a4015586240c8c0048"],"icon":"","id":"8E4RBij5D33eW4N","text":"第三方对账","pageId":"thirdPartyReconciliation"},{"parent":"enwXr858YSznPw2Y","buttons":[],"roles":["8a21d312558178a4015586240c8c0048"],"icon":"","id":"8E4RBij5uskW4tN","text":"南粤银行对账","pageId":"nanyueReconciliation"}],"roles":["8a21d312558178a4015586240c8c0048"],"icon":"fa-balance-scale","id":"enwXr858YSznPw2Y","text":"对账管理","pageId":""},{"parent":"8DJB3YKEPnXXc6Zk","buttons":[],"roles":["8a21d312558178a4015586240c8c0048"],"icon":"fa-backward","id":"xWBBEY4dSwBXTNWW","text":"银行回调管理","pageId":"bankCallback"}],"roles":["8a21d312558178a4015586240c8c0048"],"icon":"","id":"b5CYBFkxxsFbCXwm","text":"结算管理","pageId":""},{"parent":"","buttons":[],"children":[{"parent":"8DJB3YKEPnXXc6Zk","buttons":[],"roles":["8a21d312558178a4015586240c8c0048"],"icon":"fa-users","id":"3iDMppC753d4Pzk4","text":"账户列表","pageId":"financeAccount"},{"parent":"8DJB3YKEPnXXc6Zk","buttons":[],"roles":["8a21d312558178a4015586240c8c0048"],"icon":"fa-user-plus","id":"Gb2xQ328MaJxxnFT","text":"系统用户查询","pageId":"financeUser"},{"parent":"8DJB3YKEPnXXc6Zk","buttons":[],"roles":["8a21d312558178a4015586240c8c0048"],"icon":"fa-user-secret","id":"eyAfk5E7EyBk7XZe","text":"账户账务审批","pageId":"financeAccountAudit"},{"parent":"8DJB3YKEPnXXc6Zk","buttons":[],"roles":["8a21d312558178a4015586240c8c0048"],"icon":"fa-user-times","id":"z4S6zSPk7XQDAPxC","text":"账户冻结/解冻","pageId":"financeAccountThawFrozen"},{"parent":"8DJB3YKEPnXXc6Zk","buttons":[],"roles":["8a21d312558178a4015586240c8c0048"],"icon":"fa-sort-alpha-desc","id":"h8HfdCtKb7st5YBr","text":"账户流水","pageId":"accountTrans"},{"parent":"8DJB3YKEPnXXc6Zk","buttons":[],"roles":["8a21d312558178a4015586240c8c0048"],"icon":"fa-street-view","id":"xWBBEY4dSwddNWW","text":"单据入账查询","pageId":"accountOrder"},{"parent":"8DJB3YKEPnXXc6Zk","buttons":[],"roles":["8a21d312558178a4015586240c8c0048"],"icon":"fa-credit-card","id":"EEBBEY4dSwBXTNWW","text":"绑卡查询","pageId":"accountSign"}],"roles":["8a21d312558178a4015586240c8c0048"],"icon":"","id":"8DJB3YKEPnXXc6Zk","text":"账户账务管理","pageId":""},{"parent":"","buttons":[],"children":[{"parent":"nKKaixTZ82JYJRfm","buttons":[],"children":[{"parent":"4z7pxRnB3nKGsX5p","buttons":[],"roles":["8a21d312558178a4015586240c8c0048"],"icon":"fa-lock","id":"BnjPtJR2XAj63pMi","text":"菜单管理","pageId":"menu"},{"parent":"4z7pxRnB3nKGsX5p","buttons":[],"roles":["8a21d312558178a4015586240c8c0048"],"icon":"fa-lock","id":"cjQd56mXnWAmzyeh","text":"角色管理","pageId":"role"},{"parent":"4z7pxRnB3nKGsX5p","buttons":[],"roles":["8a21d312558178a4015586240c8c0048"],"icon":"fa-lock","id":"bJ6zjZxBWzSPhDkS","text":"用户管理","pageId":"user"}],"roles":["8a21d312558178a4015586240c8c0048"],"icon":"fa-lock","id":"4z7pxRnB3nKGsX5p","text":"权限管理","pageId":""},{"parent":"nKKaixTZ82JYJRfm","buttons":[],"children":[{"parent":"S34R7EzJjsJHdHf7","buttons":[{"enable":"YES","roles":["8a21d312558178a4015586240c8c0048"],"buttonId":"ccpWarrantorAdd","tableId":"","className":"","id":"ykf8AcWNNykeDpp7","text":"新建担保对象权数配置","position":"normal"},{"enable":"YES","roles":["8a21d312558178a4015586240c8c0048"],"buttonId":"","tableId":"ccpWarrantorTable","className":"item-update","id":"HHaiDHdPFTMYnYs5","text":"修改担保对象权数配置","position":"table"},{"enable":"YES","roles":["8a21d312558178a4015586240c8c0048"],"buttonId":"","tableId":"ccpWarrantorTable","className":"item-delete","id":"5JAsnAAs58fmx5s4","text":"删除担保对象权数配置","position":"table"},{"enable":"YES","roles":["8a21d312558178a4015586240c8c0048"],"buttonId":"ccpWarrantyModeAdd","tableId":"","className":"","id":"X6BB7skY83PeAGZ2","text":"新建担保方式权数配置","position":"normal"},{"enable":"YES","roles":["8a21d312558178a4015586240c8c0048"],"buttonId":"","tableId":"ccpWarrantyModeTable","className":"item-update","id":"TepdheJMkS8CMy8Y","text":"修改担保方式权数配置","position":"table"},{"enable":"YES","roles":["8a21d312558178a4015586240c8c0048"],"buttonId":"","tableId":"ccpWarrantyModeTable","className":"item-delete","id":"t7GT7kP8kNaXrDzR","text":"删除担保方式权数配置","position":"table"},{"enable":"YES","roles":["8a21d312558178a4015586240c8c0048"],"buttonId":"ccpWarrantyExpireAdd","tableId":"","className":"","id":"2EXtza73B3wcPk6w","text":"新建担保期限权数配置","position":"normal"},{"enable":"YES","roles":["8a21d312558178a4015586240c8c0048"],"buttonId":"","tableId":"ccpWarrantyExpireTable","className":"item-update","id":"3MibGSr7SwQfsnN3","text":"修改担保期限权数配置","position":"table"},{"enable":"YES","roles":["8a21d312558178a4015586240c8c0048"],"buttonId":"","tableId":"ccpWarrantyExpireTable","className":"item-delete","id":"bJeTEHA6CEHS5Zsd","text":"删除担保期限权数配置","position":"table"},{"enable":"YES","roles":["8a21d312558178a4015586240c8c0048"],"buttonId":"ccpWarrantyLevelAdd","tableId":"","className":"","id":"x8GHFeNKwT6QkkWD","text":"风险等级配置","position":"normal"}],"roles":["8a21d312558178a4015586240c8c0048"],"icon":"","id":"k5SmhJXWmFhjZWGn","text":"资产准入评分模型","pageId":"ccpWarranty"},{"parent":"S34R7EzJjsJHdHf7","buttons":[{"enable":"YES","roles":["8a21d312558178a4015586240c8c0048"],"buttonId":"eventAdd","tableId":"","className":"","id":"4c2ZmycBhGCjHbWD","text":"新建风险指标","position":"normal"},{"enable":"YES","roles":["8a21d312558178a4015586240c8c0048"],"buttonId":"","tableId":"dataTable","className":"item-update","id":"mMZ64MMzZPwdGi4W","text":"修改风险指标","position":"table"},{"enable":"YES","roles":["8a21d312558178a4015586240c8c0048"],"buttonId":"","tableId":"dataTable","className":"item-enable","id":"WSrRGhBBzhhMCcdp","text":"启用风险指标","position":"table"},{"enable":"YES","roles":["8a21d312558178a4015586240c8c0048"],"buttonId":"","tableId":"dataTable","className":"item-disable","id":"AzXJHhKpSTCY5x48","text":"禁用风险指标","position":"table"},{"enable":"YES","roles":["8a21d312558178a4015586240c8c0048"],"buttonId":"","tableId":"dataTable","className":"item-delete","id":"BJDtTWR4pxpP4HQM","text":"删除风险指标","position":"table"}],"roles":["8a21d312558178a4015586240c8c0048"],"icon":"","id":"pQJNZJZ88E2naP2p","text":"风险关键指标维护","pageId":"riskIndicate"},{"parent":"S34R7EzJjsJHdHf7","buttons":[{"enable":"YES","roles":["8a21d312558178a4015586240c8c0048"],"buttonId":"eventAdd","tableId":"","className":"","id":"JYpQhFeQTHeZfd6Q","text":"新建模型","position":"normal"},{"enable":"YES","roles":["8a21d312558178a4015586240c8c0048"],"buttonId":"","tableId":"dataTable","className":"item-update","id":"ZYE4wh53n3EeJA8C","text":"编辑模型","position":"table"},{"enable":"YES","roles":["8a21d312558178a4015586240c8c0048"],"buttonId":"","tableId":"dataTable","className":"item-delete","id":"3ZFHErSychNYBA3x","text":"删除模型","position":"table"}],"roles":["8a21d312558178a4015586240c8c0048"],"icon":"","id":"N4HXH735aCDR74pB","text":"信用等级评分模型","pageId":"ccpRiskScore"},{"parent":"S34R7EzJjsJHdHf7","buttons":[{"enable":"YES","roles":["8a21d312558178a4015586240c8c0048"],"buttonId":"eventAdd","tableId":"","className":"","id":"Bbc8wjbQN6p6SpwB","text":"新建模型","position":"normal"},{"enable":"YES","roles":["8a21d312558178a4015586240c8c0048"],"buttonId":"","tableId":"dataTable","className":"item-update","id":"ENBRtZ5bhcardbBJ","text":"编辑模型","position":"table"},{"enable":"YES","roles":["8a21d312558178a4015586240c8c0048"],"buttonId":"","tableId":"dataTable","className":"item-delete","id":"hHGH5XRmMp4ZW5RT","text":"删除模型","position":"table"}],"roles":["8a21d312558178a4015586240c8c0048"],"icon":"","id":"HrDxEHEBxJhPAeXC","text":"风险预警等级模型","pageId":"ccpWarning"}],"roles":["8a21d312558178a4015586240c8c0048"],"icon":"fa-cogs","id":"S34R7EzJjsJHdHf7","text":"风控引擎设置","pageId":""},{"parent":"nKKaixTZ82JYJRfm","buttons":[],"children":[{"parent":"rmcrB24deEySC3wP","buttons":[{"enable":"YES","roles":["8a21d312558178a4015586240c8c0048"],"buttonId":"","tableId":"dataTable","className":"item-update","id":"7XtPaXxyCJ6hBawH","text":"修改","position":"table"}],"roles":["8a21d312558178a4015586240c8c0048"],"icon":"","id":"TKP6fN6A4WP7WsAy","text":"科目设置","pageId":"acctAccount"},{"parent":"rmcrB24deEySC3wP","buttons":[],"roles":["8a21d312558178a4015586240c8c0048"],"icon":"","id":"SSw4wzewStE8T4By","text":"凭证模板","pageId":"docTemplate"}],"roles":["8a21d312558178a4015586240c8c0048"],"icon":"fa-calculator","id":"rmcrB24deEySC3wP","text":"会计分录设置","pageId":""},{"parent":"nKKaixTZ82JYJRfm","buttons":[],"roles":["8a21d312558178a4015586240c8c0048"],"icon":"fa-calendar-plus-o","id":"Qw2CCPJiGjQQyDye","text":"交易日历","pageId":"tradeCalendar"},{"parent":"nKKaixTZ82JYJRfm","buttons":[],"roles":["8a21d312558178a4015586240c8c0048"],"icon":" fa-file-excel-o","id":"aZeKGCcFSJewQWbh","text":"日志管理","pageId":"logManage"},{"parent":"nKKaixTZ82JYJRfm","buttons":[],"roles":["8a21d312558178a4015586240c8c0048"],"icon":"fa-sticky-note","id":"NPSMDaWyGGkBwwAd","text":"标签管理","pageId":"labelManagement"},{"parent":"nKKixTZ82JYJRfm","buttons":[],"roles":["8a21d312558178a4015586240c8c0048"],"icon":"fa-history","id":"NPSMDaBBhkBwwAd","text":"缓存日志","pageId":"cacheLog"},{"parent":"nKKixTZ82JYJRfm","buttons":[],"roles":["8a21d312558178a4015586240c8c0048"],"icon":"fa-battery-3","id":"NPSMDaWyWWkBwwAd","text":"体验金日志","pageId":"couponLog"}],"roles":["8a21d312558178a4015586240c8c0048"],"icon":"fa-lock","id":"nKKaixTZ82JYJRfm","text":"系统设置","pageId":""}]','MIMOSA','002799cb39d911e6860800163e0021b3','2016-12-16 09:51:02','2016-09-22 19:22:35');


alter table T_OP_ADMIN add constraint FK_Reference_2 foreign key (systemOid)
      references T_OP_SYSTEM (oid) on delete restrict on update restrict;

alter table T_OP_ADMIN_LOG add constraint FK_Reference_3 foreign key (adminOid)
      references T_OP_ADMIN (oid) on delete restrict on update restrict;

alter table T_OP_ADMIN_ROLE add constraint FK_Reference_4 foreign key (roleOid)
      references T_OP_ROLE (oid) on delete restrict on update restrict;

alter table T_OP_ADMIN_ROLE add constraint FK_Reference_5 foreign key (adminOid)
      references T_OP_ADMIN (oid) on delete restrict on update restrict;

alter table T_OP_ROLE add constraint FK_Reference_1 foreign key (systemOid)
      references T_OP_SYSTEM (oid) on delete restrict on update restrict;
